2026-05-05_13-47-18,0,main.go:2026-05-05_13-47-18
2026-05-05_13-57-11,0,main.go:2026-05-05_13-47-18
2026-05-05_13-57-12,0,main.go:2026-05-05_13-47-18
2026-05-05_14-00-00,0,main.go:2026-05-05_13-47-18
2026-05-05_14-03-20,0,main.go:2026-05-05_13-47-18
2026-05-05_14-04-22,0,main.go:2026-05-05_13-47-18
2026-05-05_14-06-22,0,main.go:2026-05-05_13-47-18
2026-05-05_14-07-26,0,main.go:2026-05-05_13-47-18
2026-05-05_14-07-58,0,main.go:2026-05-05_13-47-18
2026-05-10_22-26-03,0,lista.go:2026-05-10_22-26-03;main.go:2026-05-10_22-26-03
