2026-05-23_15-24-13,0,shell.go:2026-05-23_15-24-13
2026-05-23_15-32-14,0,shell.go:2026-05-23_15-32-14
2026-05-23_16-02-44,0,shell.go:2026-05-23_16-02-44
2026-05-23_16-14-47,12,shell.go:2026-05-23_16-14-47
2026-05-23_16-15-25,12,shell.go:2026-05-23_16-14-47
2026-05-23_16-25-00,25,shell.go:2026-05-23_16-25-00
2026-05-23_16-25-54,0,shell.go:2026-05-23_16-25-54
2026-05-23_16-26-13,0,shell.go:2026-05-23_16-25-54
2026-05-23_16-36-03,37,shell.go:2026-05-23_16-36-03
2026-05-23_16-37-25,0,shell.go:2026-05-23_16-37-25
2026-05-23_16-37-44,0,shell.go:2026-05-23_16-37-25
2026-05-23_16-56-31,50,shell.go:2026-05-23_16-56-31
2026-05-23_17-10-16,62,shell.go:2026-05-23_17-10-16
2026-05-23_17-14-10,0,shell.go:2026-05-23_17-14-10
2026-05-23_17-14-31,62,shell.go:2026-05-23_17-14-31
2026-05-23_17-20-57,62,shell.go:2026-05-23_17-20-57
2026-05-23_17-22-53,75,shell.go:2026-05-23_17-22-53
2026-05-23_17-26-21,87,shell.go:2026-05-23_17-26-21
2026-05-23_17-28-54,100,shell.go:2026-05-23_17-28-54
2026-05-23_17-29-17,100,shell.go:2026-05-23_17-28-54
