2026-05-03_14-14-54,30,main.go:2026-05-03_14-14-54
2026-05-03_14-19-17,30,main.go:2026-05-03_14-14-54
2026-05-03_14-22-03,100,main.go:2026-05-03_14-22-03
2026-05-03_14-22-32,---,main.go:2026-05-03_14-22-03
2026-05-03_14-23-37,100,main.go:2026-05-03_14-22-03
2026-06-07_13-51-21,10,main.go:2026-06-07_13-51-21
2026-06-07_13-58-01,10,main.go:2026-06-07_13-58-01
2026-06-07_13-59-38,0,main.go:2026-06-07_13-59-38
2026-06-07_14-00-35,0,main.go:2026-06-07_14-00-35
2026-06-07_14-02-06,0,main.go:2026-06-07_14-02-06
2026-06-07_14-02-41,40,main.go:2026-06-07_14-02-41
2026-06-07_14-03-55,100,main.go:2026-06-07_14-03-55
2026-06-07_14-04-19,40,main.go:2026-06-07_14-04-19
2026-06-07_14-39-54,40,main.go:2026-06-07_14-04-19
2026-06-07_14-40-08,100,main.go:2026-06-07_14-40-08
