2026-03-11_20-19-22,0,draft.go:2026-03-11_20-19-22
2026-03-11_20-20-35,0,draft.go:2026-03-11_20-20-35
2026-03-11_20-20-42,0,draft.go:2026-03-11_20-20-42
2026-03-11_20-28-24,0,draft.go:2026-03-11_20-28-24
2026-03-11_20-29-19,0,draft.go:2026-03-11_20-29-19
2026-03-11_20-30-03,0,draft.go:2026-03-11_20-30-03
2026-03-11_20-30-10,0,draft.go:2026-03-11_20-30-03
2026-03-11_20-31-24,---,draft.go:2026-03-11_20-30-03
2026-03-11_20-32-38,0,draft.go:2026-03-11_20-32-38
2026-03-11_20-48-51,0,draft.go:2026-03-11_20-48-51
2026-03-11_20-52-04,0,draft.go:2026-03-11_20-52-04
2026-03-11_20-59-57,0,draft.go:2026-03-11_20-59-57
2026-03-11_21-00-42,0,draft.go:2026-03-11_21-00-42
2026-03-12_11-28-18,0,draft.go:2026-03-11_21-00-42
2026-03-13_10-49-07,0,draft.go:2026-03-11_21-00-42
