2026-03-18_21-16-52,0,draft.go:2026-03-18_21-16-52
2026-03-22_17-02-18,---,draft.go:2026-03-18_21-16-52
2026-03-22_17-30-01,0,draft.go:2026-03-22_17-30-01
2026-03-22_17-30-31,100,draft.go:2026-03-22_17-30-31
2026-03-28_21-09-23,100,draft.go:2026-03-22_17-30-31
2026-03-28_21-18-38,100,draft.go:2026-03-22_17-30-31
2026-06-06_22-18-22,0,draft.go:2026-06-06_22-18-22
2026-06-06_22-20-33,0,draft.go:2026-06-06_22-20-33
2026-06-06_22-22-35,25,draft.go:2026-06-06_22-22-35
2026-06-06_22-32-03,50,draft.go:2026-06-06_22-32-03
2026-06-06_22-42-16,100,draft.go:2026-06-06_22-42-16
