2026-03-10_13-38-20,0,draft.go:2026-03-10_13-38-20
2026-03-10_13-38-59,---,draft.go:2026-03-10_13-38-20
2026-03-10_13-53-53,0,draft.go:2026-03-10_13-53-53
2026-03-10_14-12-31,---,draft.go:2026-03-10_14-12-31
2026-03-11_13-49-59,0,draft.go:2026-03-11_13-49-59
2026-03-11_13-50-00,0,draft.go:2026-03-11_13-49-59
2026-03-11_13-50-25,0,draft.go:2026-03-11_13-50-25
2026-03-11_13-50-27,0,draft.go:2026-03-11_13-50-25
2026-03-11_13-50-28,0,draft.go:2026-03-11_13-50-25
2026-03-11_13-50-29,0,draft.go:2026-03-11_13-50-25
2026-03-11_13-51-03,0,draft.go:2026-03-11_13-51-03
2026-03-11_13-51-13,0,draft.go:2026-03-11_13-51-03
2026-03-11_14-02-11,0,draft.go:2026-03-11_14-02-11
